AmericaEquity;IncomeFound;AggregateBond;CorporateBond;EquityAllCap;HighYeldPlusBound;SelectEquity;ShortDurationBond;USTechnology;USValue
0.001187782;0.00056689;-0.000584837;-0.001087096;0.001356673;0.001039729;0.000951583;-0.000243707;0.001376324;0
-0.000416959;-0.000283353;-5.32E-05;0.000696055;0.00067675;0.002743303;0.000846953;-0.000178409;6.44E-05;0.002358166
3.21E-05;0.000170034;0.000850516;0.00052131;7.95E-05;-0.002172511;-0.000179519;0.000178409;0.001307568;-0.00039214
-0.004094259;0.000566299;-0.000318748;0.000217028;-0.002993082;0.000259203;-0.002908262;-0.000339039;-0.004345132;-0.002360302
0.002454743;0.000226313;-0.000425362;-0.000955735;0.002157096;0.000103638;0.003805115;0.000422272;0.001661444;0.002752441
-0.002876026;-0.000113142;-0.001492056;-0.001655785;-0.002317308;0.000776497;-0.001410173;-0.000452025;-0.007976507;0.000783218
-0.003875474;-0.000962897;0.000320158;0.001481789;-0.004753038;-5.17E-05;-0.004543573;0.000232019;-0.017798234;-0.000391433
-0.000621987;0.000793129;-5.33E-05;-0.00056597;0.000161975;0.000568618;-0.000857237;-6.54E-05;0.00632958;0.001953645
-0.000524471;0.000226342;0.000586416;0.001348404;4.05E-05;0.00108348;-0.001119551;0.000118954;0.002246395;-0.000390027
0.001211879;0.00067832;-0.000479736;0.000650954;0.001132029;0.001080783;0.000573154;-0.000339104;-0.000942071;0.003110448
0.011490625;0.001240842;0.000586272;-0.000303657;0.01100346;0.001334397;0.010951773;0.000434244;0.01389914;0.006918111
0.005853327;0.000281516;-0.000586272;-0.000477605;0.005476674;0.000716827;0.006625963;1.19E-05;0.00589681;0.001522506
-0.00413662;-0.000168888;-0.001602959;-0.00169757;-0.00300362;0.001175081;-0.00210531;-0.000208139;-0.005940307;0.001517188
-0.000952888;0;0.000481509;0.00121944;-0.001529277;0.00045895;-5.03E-05;-5.95E-05;0.000108734;-0.0003788
-0.000222642;0.000281443;0.00042756;0.001042516;0.000314137;0.000407549;2.51E-05;-6.54E-05;-0.000195741;-0.000758593
0.009160612;-0.000394071;-0.00219571;-0.00252371;0.00855091;-0.001019591;0.009272129;-0.001042496;0.009701823;0
-0.001341523;-0.00056358;-0.00080609;-0.000436609;-3.85E-05;-0.000766267;-0.000541422;-7.75E-05;-0.001000998;0
-0.002067178;-0.000112804;0.000430101;0.000916372;-0.001001922;0.000102247;-0.001084874;-0.000143192;-0.000661498;-0.001521173
0.003906817;0.000789012;0;-0.000436126;0.003993894;0.000153326;0.004078835;-0.000149208;0.003721119;0.003037037
-0.003592975;-0.000337972;0.000268597;0.000741154;-0.003377053;0.000153271;-0.003511404;0.000644212;-0.003593009;-0.001136401
-0.001728944;0.000619415;0.000214758;0.000217746;-0.002085359;0.000408459;-0.001952111;-1.19E-05;-0.00156125;-0.001519842
-0.000725059;0.000112526;0.000321938;0.000739521;0.000232202;0.000408076;0.001063629;0.000131115;-0.000793467;0
0.002454003;0.000337403;-0.000107286;-0.00047837;0.002045741;0.000305805;0.00167672;-7.75E-05;0.00403799;0.001519842
0.000407656;0.000168603;5.36E-05;0.000652192;0.000307956;0.000458305;0.000295221;4.17E-05;-2.13E-05;-0.001519842
-0.005837591;-0.00039351;0.000857442;0.001214811;-0.00522623;0;-0.005021373;5.96E-06;-0.007270043;-0.003055735
-0.007013425;0.000281115;0.000535043;-0.000867375;-0.006079085;0.000305268;-0.005684662;0.00027404;-0.006295338;-0.00192081
0.01027322;0.000505549;0.000267275;0.001473508;0.009454297;0.000203393;0.009277272;-0.000190619;0.008796743;0.003069232
-0.000346969;0.0007292;0.000534056;0.001123437;-0.000425305;0.001066252;-0.001284969;0.000422822;-0.000774757;0.001907313
-0.00269051;0.000672023;0.00048009;0.000905274;-0.001666564;0.001670268;-0.001959469;-0.000261982;0.000516659;-0.000380793
0.000444291;0.000615108;0.001011783;0.000731462;-0.000932964;0.000706662;-0.000397933;-0.000351542;-0.000775218;-0.001144387
0.000697255;-0.000111773;-0.000212811;0.000300832;0.000350096;0.000504056;0.002035565;0.000393232;0.005397693;-0.001530555
-0.002477153;5.59E-05;0.000372351;0;-0.002456622;0.000100741;-0.00335633;0.000113137;-0.002262289;-0.000383483
0.006700062;-0.000503271;-0.000265933;-0.00047283;0.00571065;-0.000100741;0.006367305;-8.34E-05;0.006815017;0.001531905
-0.008327412;-0.000167887;0.00079731;0.001545534;-0.008850331;0.002361258;-0.008970727;0.000130989;-0.009067642;-0.001531905
0.006031965;0.000447553;-0.001116644;-0.002234207;0.005712939;-0.002310884;0.004769359;-0.000369252;0.007590592;0.003058424
-0.008597019;0.000111816;0.001329013;0.002362753;-0.007924299;-0.001817134;-0.007413742;0.00096416;-0.007547576;-0.004210909
0.001124076;0.00039113;-0.000159267;-0.001029439;0.001186058;0.002370857;0.001915638;-0.000547285;0.003128751;-0.000770026
0.005735447;-0.000111716;-0.001915773;-0.002497932;0.005024432;-0.000452993;0.004628049;-0.000643346;0.006401138;0.000770026
-0.002603425;-0.00055901;-0.000907617;-0.000605108;-0.00219104;-0.000201482;-0.00257061;-5.96E-06;-0.001813253;0.001152485
-0.003998909;-0.000335751;0.000907617;0.001381867;-0.003781979;-0.000201576;-0.003973077;0.000446876;-0.004118377;-0.001537327
-0.000225031;-5.60E-05;0.000799266;0.000517069;-0.000712802;-0.000151243;-0.001062278;8.93E-05;0.000660719;0
0.00689067;0.000279847;-0.00143974;-0.0016395;0.007192878;0.000705351;0.006734162;-0.000345472;0.010333066;0.004595752
0.002241321;0.000391483;-0.000694914;-0.000432478;0.003184789;0.000503122;0.003254088;-0.00052469;0.001743407;0.000761253
-0.002779696;0.00016767;0.000481213;0.000605349;-0.002366945;0.002756798;-0.001363252;0.000560442;-0.001203033;-0.001523842
-0.002893294;0.000446805;0.000373908;0.000172802;-0.002458167;-0.001852645;-0.002314915;0.000101279;-0.002123795;-0.004218346
-0.006524584;-0.000390929;0.00026688;0.000129556;-0.005711115;-0.000301175;-0.006208801;8.34E-05;-0.006095609;-0.000385526
0.004221647;0.000223431;-0.000160109;-0.000777918;0.004378682;0.002203783;0.00413233;-0.000280011;0.002953391;0.002308036
-0.003122003;0.000223316;0.000533466;0.001123213;-0.004140864;-0.002053169;-0.003955144;0.000280011;-0.000652236;-0.003080116
0.004211023;0.000223202;0;-8.63E-05;0.004885963;0.000551804;0.004932072;7.74E-05;0.005918249;0.003846743
0.001787748;0.000501785;0.000639295;0.000474427;0.002032705;0.0010515;0.002270989;9.53E-05;0.000954403;0.001529208
0.003047693;0.000334201;5.32E-05;0.000344712;0.003147498;0.000150007;0.002704657;0.0001131;0.006683958;-0.000763931
-0.003940647;-0.000222772;0.001222542;0.001891043;-0.003967253;-1.00E-04;-0.004100782;0.00016067;-0.00327771;-0.003454415
0.005740147;0.0001114;-0.000106171;-0.000772613;0.004586292;0.001696855;0.004570517;-0.000607288;0.006368787;0.003071945
0.004887157;-5.57E-05;-0.001063145;-0.001118429;0.005264706;-0.00209708;0.005011713;0.000190613;0.0020015;0.003809625
0.002020195;0.000389727;-0.000159696;0.000172254;0.00308295;0.000400225;0.002994055;-0.000542276;0.003515598;0.001892354
0.000124013;0.000166919;-0.000319569;-0.000258406;-0.000911187;0.000249954;-2.43E-05;0.000333788;-0.002246702;-0.000377812
0.003458072;0.000111243;-0.001066932;-0.00107835;0.005401132;5.00E-05;0.005568109;-0.000321863;0.004939422;0.003388531
-0.002993337;-0.000278162;0.000106811;0.000690452;-0.002975534;0.002441683;-0.003076536;7.75E-05;-0.001314355;0.00112366
-0.001085155;5.56E-05;0.00127969;0.001678393;-0.001097421;-0.002141963;-0.00094173;0.000381373;0.000199401;-0.002250236
0.00692915;0.000444917;-0.000159755;-0.000515738;0.008070876;0.002291008;0.007477278;-2.38E-05;0.010361472;0.004116566
0.001068;0.000333389;0.000372671;0.001030865;0.001114338;-0.001442923;0.000996796;0.000119117;0.001535057;-0.000372625
-0.002046761;0.000333133;0.000159618;0.000171573;-0.002380721;0.000697182;-0.002353261;8.93E-05;-0.004680363;0.001116917
-0.002703023;0.000110988;0.000903397;0.001327399;-0.002431352;0.000198989;-0.001982811;0.000249988;-0.003919421;-0.001863128
0.001169279;0.000609925;0.000795557;0.000726209;0.001310881;0.000348012;0.000550361;-0.000297621;0.002072443;0.001863128
-0.000338152;0.000110804;-0.000583266;-0.000128066;-0.00074859;9.94E-05;-0.000813824;0.000244064;-0.001815318;-0.000744292
0.006622658;0.00094069;-0.001275306;-0.002268756;0.007612556;0.000595808;0.007858707;-0.000285747;0.002739789;0.004815255
0.001572108;0.000221043;-0.001225692;-0.000687243;0.002056531;0.000694078;0.002229503;-0.000762914;0.004048347;0.000736093
-0.005588593;-0.000221043;-0.000213517;0.000171913;-0.005270942;-0.000247758;-0.005156918;-6.56E-05;-0.007976139;-0.003322286
-0.003375681;-0.000387096;0.000160148;8.59E-05;-0.002678313;-0.000347098;-0.002089556;0.000149134;-0.002704902;-0.001484769
0.001015462;-0.000664398;-0.000213544;-0.000946176;7.46E-05;-0.001142423;0.001022289;-0.000113338;0.003338909;-0.001489862
0.001074417;-0.001054046;-0.000908734;-0.001898558;0.001303797;-0.001794196;0.001351429;-0.000387957;0.003588416;0.00074557
-0.002182312;-0.001502269;-0.0007498;-0.001386001;-0.002274872;-0.002303424;-0.002850023;-0.000167227;-0.002500875;-0.001492422
-0.000987174;-0.000557717;-0.000536365;-0.000303778;-0.000561225;-0.000854367;0.000238218;2.99E-05;0.001734421;0.001119797
-0.001113259;5.58E-05;5.37E-05;-0.000130256;-0.001274801;-0.000301943;-0.001909409;-5.97E-06;0.000982389;-0.001493706
-0.001271364;-0.000893725;-0.000322097;-0.000651866;-0.001203241;-0.001512871;-0.000981836;-0.000537922;-0.001198814;-0.001874386
0.002631627;-0.000335622;0.000161079;0.000347783;0.00251548;-0.000606627;0.002581537;0.000322833;0.001767583;0.002248294
-0.001731984;0.001285144;0.001607508;0.001864579;-0.002553135;0.002270496;-0.003013289;9.56E-05;-0.001197242;0.001864728
-0.002579821;0.000557574;0.00026734;0.000562138;-0.000791511;0.003008981;-0.00074458;0.000507566;-9.83E-05;-0.001491141
-0.001092487;5.57E-05;0.000267176;0.000259203;-0.00094416;-0.002455771;-0.00144476;-0.000346275;0.002235301;-0.001121726
-0.0074709;-0.000390177;0.00085386;0.001250638;-0.007205051;-0.000452573;-0.005949832;0.00014332;-0.006681131;-0.005273372
-0.003639896;-0.000781407;0.00095859;0.000860415;-0.00358971;-0.00141103;-0.003387573;0.000686085;-0.004692531;-0.003424153
0.003099036;0.000167563;0.000212733;-0.000214944;0.003628148;-0.000606133;0.002506403;-1.79E-05;0.003001079;0.00266556
-0.000191053;0.000334931;-0.000212733;8.60E-05;-7.69E-05;0.000656606;0.000122492;-4.77E-05;0.000995769;-0.000379794
-0.008068617;5.58E-05;0.00074411;0.001116328;-0.008580182;0.002516198;-0.008733934;0.000172868;-0.009695643;-0.005737131
0.002620235;0.000223116;0.000159286;4.29E-05;0.003125559;-0.002112625;0.003063248;-9.54E-05;0.006100139;0.00192081
0.011395115;0.000501591;-0.000637497;-0.000471896;0.008938953;0.001258752;0.0090622;-0.000166942;0.007477049;0.003816321
0.002068521;0.000667889;5.32E-05;8.58E-05;0.002585546;0.001605898;0.002109348;-5.96E-05;0.003064789;0.000759256
0.003363743;0.000277984;-0.000425466;-0.000429357;0.002268651;0.001050652;0.002363841;4.77E-05;0.000665106;0.001136401
0.000186113;0.000166705;0.000584908;0.000729654;0.000414637;0.000549329;0.000168355;0.000113292;0.001560949;-0.001895658
-0.001242262;0.000333218;0.000902403;0.000814048;-0.001396264;-4.99E-05;-0.000481186;0.000160944;-0.000740751;-0.001141379
0.002480981;0.000111016;0.000318048;-0.000642543;0.001810506;0.000249494;0.002926976;0.000381258;0.000175555;0.003792989
-0.002792102;0.000277416;0.000476636;0.000770937;-0.002945917;0.000398893;-0.00295105;-0.00035146;-0.004095207;-0.003792989
-0.00077878;-0.000110945;-0.00015882;0.0008977;0.00022732;0.000249122;-0.000337166;1.19E-05;0.001159981;-0.001144387
0.004744402;0.000166407;-0.000954144;-0.00124017;0.004184096;0.000497816;0.003742287;-0.00032788;0.003188681;0.00266556
-0.003685602;0.000166343;0.000742293;0.001154755;-0.003654145;0.000198967;-0.003814571;0.000238482;-0.004860825;-0.003047693
0.000745837;0;0.000846785;0.000640206;0.000906985;4.97E-05;0.00077041;0.000148985;0.001907693;0.000382133
-0.002178948;-0.000221805;0.000422774;0.000639264;-0.001967534;-0.00029845;-0.001614614;0.000101281;-0.001809153;-0.001914038
-0.001907753;0.000277239;0.000844315;0.000808386;-0.001938394;-0.000248865;-0.002323989;0.000321558;-0.000275968;0
0.001314433;0.000110846;0.000632161;0.000297447;0.001141279;-0.000149388;0.00053368;0;0.003065205;0.001149435
-0.003545537;0;-0.000315965;-0.000254942;-0.003777659;9.96E-05;-0.004189995;-9.53E-05;-0.003479486;-0.00230192
0.00535419;5.54E-05;-0.000316195;0.000212462;0.005294714;0.000248894;0.005061878;-1.79E-05;0.006970163;0.002684389
-0.002747128;0.00060907;-0.000685881;-0.001020769;-0.002239517;0.000596763;-0.002353248;-0.000363354;-0.001790587;0.004185087
0.001063451;5.53E-05;-0.00036977;-0.000127765;0.001367858;0.000595944;0.001166088;-7.75E-05;0.00114916;0.002642391
0.000624345;0.000276533;-0.000846372;-0.000554083;0.000568672;0.000595128;0.00099356;-0.000166917;-0.000720304;-0.000376502
0.002053994;0.000165835;0.000264668;0.000213193;0.001927933;0.000495318;2.42E-05;4.77E-05;0.004940171;-0.000376828
-0.001212549;0.000221015;0.000370265;0.000383483;-0.002344886;0;-0.001989287;5.96E-05;-0.002182243;-0.000754639
0.000249004;0.000276111;0.000264282;0.000468242;-3.79E-05;0.000593636;-2.43E-05;-0.00041747;0.001353124;-0.001892354
0.000839337;0.000441412;-0.000475823;-0.000510835;0.000416989;4.94E-05;-0.000218905;0.00041747;-0.000115817;0
0.000403547;0.000165414;0.000634315;0.000936072;0.000454441;0.000148266;7.30E-05;-5.96E-06;-0.000154471;0.000379131
-0.001149544;-0.000330891;-0.000951821;-0.001490155;-0.000871431;-0.000444949;-0.001413133;-0.000375711;0.000733247;0.00075727
-0.0006538;-0.000828332;-0.000317738;-8.53E-05;-0.000949195;-0.00103999;-0.001172977;-5.97E-05;-0.00019284;0
0.001927438;0.000221043;0;-0.000127991;0.002312401;0.000198285;0.0024888;-1.79E-05;0.004642853;0.000755952
0.002998451;-0.000110508;-0.000583124;-0.000512341;0.003051659;0.000148655;0.003078998;-0.000125331;0.004140329;0.000754639
0.001783048;-5.53E-05;0.000265153;0.000981457;0.001012473;0.000346663;2.42E-05;0.000113397;0.004512973;-0.000754639
-0.002029561;0.000276251;-0.000424323;-0.000639829;-0.001989683;0.000395848;-0.001597296;-0.000173091;-0.001780781;-0.002271816
-0.001977159;5.52E-05;0.000901191;0.001746638;-0.001923245;0.000494303;-0.00140855;0.000381902;0.000956906;-0.000759921
-3.10E-05;0.000386408;0.000582129;8.50E-05;-0.00030246;0.000395038;-0.000584187;0.000149089;0.004641914;0.001897314
-0.00338845;0.000275795;0.00021149;0.000637138;-0.003341035;0.000443988;-0.00288374;-2.39E-05;-0.000519513;0.00037847
-0.00707925;0;0.001108635;0.001694479;-0.008039515;-4.93E-05;-0.007418945;0.000357626;-0.006697704;-0.005711978
-0.002736624;-0.000496557;0.001210981;0.000507057;-0.003664954;-0.001036797;-0.003732388;3.57E-05;-0.008375871;-0.004237053
0.001402288;0.000110395;-0.000684053;-0.000633914;0.001758359;0.000395262;0.001657231;-0.000649851;0.004151017;0.00385357
0;-0.000607521;5.27E-05;0.000591682;-0.0004682;0.000937309;-0.000576802;7.16E-05;-0.000247564;0.002295835
0.000572361;5.53E-05;5.27E-05;0.000168904;0.001286337;0.000197071;0.00115284;0.000447176;0.002526135;-0.000381797
0.0020606;0;-0.000843188;-0.001141379;0.002638681;0.000196981;0.002819051;0.000119169;0.004446611;0.000763259
0.003245369;0.000497062;0.000474495;0.000592201;0.002353487;0.000393695;0.001761947;-0.000244332;0.003955962;0.002660894
0.00281604;0.0002759;0.00021072;0.000422507;0.002264254;0;0.002666512;-2.38E-05;0.002851242;-0.000379131
-0.001687432;0.000716521;0.000263257;0.000464283;-0.001572213;0.000245878;-0.001627589;7.15E-05;0.000719107;-0.001519842
-0.004405605;0.000165183;0.000526035;0.000337349;-0.004246469;4.92E-05;-0.003273592;7.15E-05;-0.003607502;-0.002289783
0.004499523;-0.000110115;-0.000210338;-0.000506122;0.00416963;-9.83E-05;0.001962158;-0.000196703;0.003312628;0.002289783
0.000187776;0.000550297;0.000735736;0.001684783;0.000307275;0.000589607;0.000247744;0.000172865;0.000202748;0.001519842
0.002309253;0.000879028;0.000367401;4.20E-05;0.00264126;0.000490728;0.002395807;-5.96E-05;0.00560246;0.000757931
-0.00155896;-0.000109781;0.000262239;0.000588077;-0.001950685;-4.90E-05;-0.002172959;7.75E-05;0.00029096;-0.001517188
0.000873707;0.000109781;0;-0.000377958;0.000612923;-4.91E-05;0.000865547;-0.000113244;0.000980554;0.000759256
0.001773204;-0.000714074;-0.00089226;-0.001135851;0.002100351;-0.00088391;0.000863826;-0.000692027;0.000598139;0.000757931
0.004416959;-0.000109962;-0.000367935;-0.000547953;0.004396805;-0.000196669;0.003462685;0.00033422;0.006258006;0.002642391
-0.007720305;0.000329802;0.000157725;0.000421563;-0.007685482;0.00044238;-0.005538761;-5.97E-06;-0.031464261;0.003000319
0.003458546;-0.00016487;-0.000157725;-0.000168576;0.004392058;4.91E-05;0.003012003;-5.97E-05;0.013009576;0.000373587
-0.000932029;0.000604217;0.001050416;0.002354133;-0.001560774;0.00044188;-0.00212104;0.000363823;-0.002203787;0
0.001614249;-0.000164703;0.000104902;-0.000419446;0.002054485;-0.00039276;0.001061815;-0.000363823;-0.004498161;-0.001121726
-0.00027896;-0.000109837;-5.24E-05;0.000419446;-0.000759788;-0.000393116;-0.000592321;0.000101424;0.004685357;-0.00112463
0.002350051;0.000109837;0;-0.000209672;0.003068964;-0.00029507;0.003198784;-0.000113358;0.004116566;0.002992566
0.001324023;0;-0.000104915;0.000586828;0.001244128;-0.00014761;0.000661418;-6.56E-05;0.003213864;-0.001493706
-0.001725104;-0.000549462;0.000209804;-0.000125682;-0.001697423;-0.000985354;-0.001323845;5.97E-06;-0.000773586;-0.001874386
-0.000957923;-0.000935683;0.000524067;0.000753548;-0.001438564;-0.001383262;-0.001648178;0.000125306;0.000571113;-0.002259994
-0.001208138;-5.51E-05;-5.24E-05;-0.00037661;-0.000683092;9.90E-05;-0.002000962;-5.97E-05;0.002002165;0
0.002875416;0.000715795;0.000366515;0.001170606;0.002952336;0.000543826;0.002247356;7.16E-05;0.003558988;0.002635519
-0.005333018;-5.50E-05;-0.000628502;-0.001170606;-0.005771945;0.000148198;-0.005927419;-0.000155141;-0.01171699;-0.000751375
-0.003980212;-0.000275201;-0.000996991;-0.001047857;-0.004264037;0.000296245;-0.004013841;-0.000101469;-0.011159648;0.001876005
9.44E-05;-0.000220286;-0.000683473;-0.000798065;0.000617224;4.94E-05;0.000226766;-0.000226898;0.001281811;0.000748139
-0.003603337;-0.000165288;-0.000263161;4.20E-05;-0.001893027;-9.87E-05;-0.001665706;5.97E-05;-0.004165328;-0.001497569
0.003949451;0;-0.000421389;-0.000126132;0.002740281;0.000197407;0.003776498;-0.000191138;0.001693984;0.002244421
-0.000881561;5.51E-05;-0.000632852;-0.000504896;-0.000230905;9.87E-05;-0.000903369;-0.000167314;-0.000942425;-0.001120761
-0.003766726;-0.000551345;-0.00036959;-0.000674109;-0.003983139;-0.000296076;-0.003455106;0.000376367;-0.003576688;-0.001874386
0.001776647;-0.000441581;-0.000528532;-0.000675157;0.001163913;-0.000642192;0.000758947;-0.000436138;0.007257822;-0.00037585
0.001643261;-0.000165709;-0.000476229;0.000422096;0.001238079;-0.000197789;0.001337573;7.77E-05;0.000229038;0.00037585
-3.15E-05;0.000165709;0.000846269;8.44E-05;-7.73E-05;4.95E-05;-7.56E-05;0.000471881;0.006308098;-0.001128527
0.003236914;0.000496747;0.000950086;0.001515864;0.002926887;0.000593029;0.003564131;-5.37E-05;0.004936705;0.002254129
0.002404167;0.000441076;0.000210848;-0.00012612;0.001264769;0.00034556;0.001223119;-0.000531715;0.006551126;-0.000750077
-0.001497138;0.000385574;0.000263416;0.000756172;-0.0017256;0.000542467;-0.001948632;0.000591417;-0.004621667;0.00112463
0.00118566;0.000550227;0.000105322;-0.000125937;0.000729423;0.000886215;0.001200193;-4.18E-05;0.002178863;0.000748139
-0.004762186;0.000604446;0.000631395;0.001215866;-0.004821472;0.00068803;-0.005250233;7.16E-05;-0.004071136;-0.001122692
0.006689762;0.000439069;0.000525462;0.000627563;0.005013222;0.00044173;0.005050431;3.58E-05;0.006642128;0.001496279
0.000465066;0.000383822;0.000157515;0.000668403;3.83E-05;0.000686244;-0.000149912;-5.37E-05;0.000219664;0.001118836
-0.004172348;0.00032872;0.000104978;0.000458931;-0.004160383;0.000244825;-0.005684696;7.16E-05;-0.005321378;-0.001492422
0.001499184;0;0.00015742;-0.000166828;0.001391228;0;0.000885257;2.39E-05;0.00205157;0.000746852
-0.000343106;-0.000548006;-0.000945375;-0.001336935;-0.000347389;0.000146829;-0.000530938;-0.000244772;-0.001459132;0.002603915
0.002302964;-0.000109684;-0.000789387;-0.000670014;0.002809732;0.000537947;0.002698508;-0.000125425;0.005679536;-0.000742384
-0.001648178;0.000438571;0.000631625;0.000586319;-0.002809732;0.000146597;-0.002951564;0.000209021;-0.000584736;-0.000743655
-0.003283847;5.48E-05;-0.00015782;0.000125537;-0.003683934;4.89E-05;-0.00327771;-2.39E-05;-0.011581378;-0.000372306
-0.001352013;0.000273847;0.000368158;0.000334587;-0.000506557;0.000195364;0.000280461;0.000125371;-0.001034102;0.001487311
-0.001672246;0;0.000210236;0.000501398;-0.002424048;-9.77E-05;-0.002812798;-5.97E-06;-0.002927606;0.001482235
0.0009158;0.000765855;0.000839927;0.001084381;0.000352719;0.000292947;-0.000539066;0;-0.001461729;0.00036977
-0.001770182;-0.004229015;0;-8.33E-05;-0.001491209;-0.000195276;-0.001492334;-8.36E-05;-0.004395731;-0.000739854
0.001170393;0.006518511;-0.000157363;-0.001042824;0.003133451;-0.000439693;0.002236582;-8.36E-05;0.003729678;0
0.000662876;-0.000271927;-0.000262398;-0.000208866;0.000117066;0.000195474;0.000691776;-5.97E-06;0.00079914;-0.0003704
-0.000694467;-5.44E-05;0.000157458;-0.000292581;-0.000702868;-4.89E-05;-0.000256085;-0.000460061;-0.000114073;-0.000370717
0.00063138;-0.000544433;0.000209855;-4.18E-05;0.001326687;-0.000978361;0.002171924;0.000573508;0.001158347;-0.001486039
-0.004598436;-0.000708785;0.000157325;-0.000376502;-0.003520692;-0.001373419;-0.002889766;-5.97E-05;-0.004862944;-0.002238636
-0.00648836;-0.000819269;0.000314478;-0.000334942;-0.006250657;-0.001279219;-0.00562987;0.00013134;-0.007524877;-0.003379741
0.004955329;0.000600948;0.000261891;0.000293089;0.004794942;0.000787657;0.004139126;2.98E-05;0.009743793;0.00300551
0.002838223;-0.000218431;-0.000838609;-0.000921802;0.003806011;-0.00019678;0.003666252;-0.00030451;0.004234089;0
0.001332972;0.000109229;-0.000367401;0.000125816;0.001014525;0.000295137;0.000918117;-5.97E-05;0.002073458;0.000374231
-0.003691541;0.000218376;0.000682069;0.000921536;-0.00285451;9.83E-05;-0.003093625;0.000143345;0.000976745;-0.002626411
-0.009303205;-0.000327605;0.000994948;0.001253497;-0.008637836;-0.000491895;-0.008420087;0.000256709;-0.009695026;-0.007209947
-0.001111564;-0.000109256;-0.000104624;-0.000333912;-0.001202255;-9.84E-05;-0.001625002;-2.98E-05;0.000670992;-0.000382807
0.004234828;0;-0.000156983;-0.000543155;0.004272896;9.84E-05;0.00490881;-0.000113419;0.00540662;0.00267259
-0.000454079;-5.46E-05;-5.23E-05;0.000376103;-0.00011923;4.92E-05;-0.000675581;-3.58E-05;0.003260782;0.000760586
-0.001104745;0.0004915;0.00052312;0.000375778;-0.001114393;0.000344346;-0.001432586;-1.19E-05;-0.00118462;-0.000760586
0.00227142;0;-0.000366118;-0.000250482;0.002106975;0.000196647;0.001978329;-0.000149296;0.003693592;0.001898973
-0.006620123;0.000545459;0.000470667;0.00050082;-0.006311602;0.00044213;-0.006568252;0.00011347;-0.009990299;-0.001138387
-0.005223366;5.45E-05;0.000783313;0.001207936;-0.004652261;-4.91E-05;-0.004905537;-0.00022697;-0.00389556;-0.003050369
0.006928799;0.000163484;-0.000313156;-0.000916058;0.00637908;0.00019638;0.007245902;0.0003225;0.009777828;0.001527863
0.006336383;0.000272336;0.00010441;0.00054154;0.006326237;0.000539588;0.005809262;1.19E-05;0.008861366;0.002281763
0.001577791;0.000272166;-0.000156625;-0.00054154;0.001340903;0.000489953;0.00103385;-0.000125385;0.000295363;0.001514542
-0.001642312;0.000598164;0.00036537;0.001123983;-0.002171181;0.000440486;-0.001707175;0.00022686;-0.001367741;-0.001894004
-0.003693664;0.000543072;0.001094269;0.000581663;-0.003257323;9.78E-05;-0.002625557;0.000131286;-0.002953448;-0.0019023
-0.002381847;-5.43E-05;-0.00036445;0;-0.002719849;0.000244466;-0.0028252;-2.39E-05;-0.00132535;-0.000381462
-0.000556557;0.000108546;0.000260353;-0.000249189;-0.00104446;-0.000146663;-0.001630217;0;0.000411104;-0.001146401
0.005210163;-0.000108546;-0.000520862;-0.00095655;0.005396025;-0.000146713;0.004011926;-0.000167107;0.0057887;0.003430163
0.003289148;-0.000380126;-0.001200358;-0.001334367;0.003284579;0.000195606;0.003742373;-0.00030454;0.002022629;0.00415596
-0.000353516;5.43E-05;-0.000418295;4.18E-05;0.000512209;0;0.001266128;-0.000125461;1.83E-05;0
0.001380293;-0.000108655;-0.000523436;-0.000208846;0.00168994;-4.89E-05;0.002444272;-0.00025103;0.000238407;0.00037585
-0.003669028;-5.43E-05;5.24E-05;0.000626236;-0.00401945;-0.000195628;-0.004072829;0.000406357;-0.003331187;0
0.002931277;0.000380222;-0.000209526;-8.34E-05;0.003469958;0.00063547;0.002916731;-0.000549869;0.006600626;0.001874386
-0.001737052;-0.000108601;-0.000262049;0.000125163;-0.001534403;0.00029298;-0.001133391;0.000490134;-0.000947247;0.000747495
-0.000709684;0.000108601;-0.000104864;0.000166828;0;0.000341561;-5.16E-05;-0.000442292;-0.000310126;-0.000373587
0.00093525;-0.000162911;-0.000472202;-0.000125115;0.001966204;-9.76E-05;0.001647788;-0.000382886;-0.001608906;0.000373587
-0.001775466;0.000108614;0;0.000125115;-0.00180858;-0.000292816;-0.001518829;2.39E-05;-0.00060488;-0.000373587
0.003126405;0.000434186;0.000209931;0;0.003023171;0.000536678;0.003339558;6.58E-05;-0.002096091;0.002236715
0.003709481;0.000271146;0.000524384;0.000333463;0.003507108;0.000243726;0.004328721;2.39E-05;0.001692369;0
0.003362215;-0.000433915;-0.000891829;-0.001502606;0.004171484;-0.002443432;0.003080116;-0.000203492;0.003547221;0.001484769
-0.001836477;-0.000271417;-0.000841045;-0.000292778;-0.002196623;0.002248463;-0.002295391;-0.000125734;0.000127453;-0.000370717
0.002436397;0.000271417;0.00010522;0.000376393;0.001812053;0.000194969;0.000631811;-0.000509296;0.002360203;0.001111202
0.003582219;0.000488124;0.000105194;0.001002122;0.004097329;0.000438362;0.004172074;0.000479354;0.007467593;0.001845708
0.000937799;-5.42E-05;-0.000157801;0;0.000837672;0.000194685;0.001398454;-1.20E-05;-0.000623359;0.00147094
0.000935778;0.000162606;0.00026297;0.000416869;7.61E-05;0.000243234;-0.000124679;4.19E-05;-0.001499723;0.000733606
0.002857211;-0.000162606;-0.000157763;-0.000250074;0.002880903;4.86E-05;0.002536396;-0.000143741;0.002069687;0.00109809
0.002346208;-0.000162667;-0.001053219;-0.001168918;0.002861918;4.86E-05;0.002644905;-0.000275636;0.005729142;0.001459815
-0.004456246;0.000216876;0.000790153;0.001793832;-0.00429998;0.000243044;-0.003588106;0.000185774;0.000386289;-0.000729294
-0.003341104;0.000162586;0.000157858;8.33E-05;-0.002699734;-0.002094633;-0.002741925;-2.40E-05;-0.003223731;-0.000730521
0.001064448;-0.000108384;-0.000157858;-0.000458095;0.001332952;0.002046035;0.000849354;-9.59E-05;0.005865848;-0.000731752
-0.000719782;0.000162566;0.000788718;0.001248213;-0.001027916;-0.000243071;-0.001174546;9.59E-05;-0.000558578;-0.000732987
0.003214121;0.000324949;0.000315087;0;0.003000778;0.000194467;0.002992566;-5.39E-05;0.001638783;0.001464738
0.00294354;0.000108262;-0.000472716;-0.000290929;0.00222764;0.000145793;0.002107327;-0.000287735;0.000730228;-0.000365722
-0.000278008;0.000162343;-0.000473231;-0.000748999;-0.00079158;0.000339995;0.000543764;-0.000101952;-0.001391971;0.000365722
-0.0059423;0;0.000368113;0.001413693;-0.005238015;0;-0.005718737;0.00019189;-0.005101259;-0.00109809
0.00637468;0;-0.000999891;-0.001955441;0.007157926;0;0.006015049;-0.000251873;0.010763001;0.0043758
0.002155465;0.000324504;-5.27E-05;0.000874796;0.002434707;0.000194163;0.002608679;0.000113961;0.002162039;0.001448857
-0.002649648;-0.000108141;-0.000316272;-0.000666351;-0.001496666;0.000145565;-0.00221391;-0.000113961;-0.002144838;-0.001086189
-0.002852519;-0.000486968;-0.000950201;-0.001210374;-0.002066373;-0.000339729;-0.00145749;-0.000210006;-0.000636909;-0.000725638
0.003531876;-0.000162444;-5.29E-05;0.000208926;0.00315197;-0.000339995;0.003106696;-6.00E-06;0.003141043;0
0.006644604;-5.42E-05;-0.000105719;-0.000125344;0.006530867;-0.000194402;0.007526027;-0.000162076;0.00930582;-0.003280461
0.002575265;0.000595406;0.001003295;0.001418446;0.000735968;0;0.000289658;0.000276093;0.001003222;0.000731136
-0.001694928;0.000162242;0.000790441;0.00070749;-0.001251888;-0.002388516;-0.001353395;3.00E-05;0.001716812;-0.000365414
0.001725135;0.000216228;0.000157916;0.000415633;0.001104794;0.002728663;0.001618746;-0.000174026;0.000216203;0.001824003
-0.002696643;5.40E-05;0.000157858;-0.000207767;-0.003916251;-0.000534636;-0.002952091;-6.60E-05;-0.003153907;-0.002922093
0.003028776;0;0.000210389;-8.31E-05;0.003216874;4.86E-05;0.003120866;-9.61E-05;0.004680894;0.000366339
0.003427234;-0.000162141;0.000525526;0.000706136;0.004033497;-0.000194555;0.003050727;0.00012007;0.007115565;0.001827072
0.001285736;-5.41E-05;0.000105029;-0.000581441;0.000401297;0.00024318;0.001863108;-7.80E-05;0.000146669;0.000728682
-0.003748206;-0.000595109;0.000157496;0.00012466;-0.004029754;-0.001168506;-0.003469875;-3.60E-05;-0.000946069;-0.004022967
-0.002809804;-0.000867072;-0.000630326;-0.000998283;-0.002732117;-0.001660784;-0.001805701;-0.000222215;-0.004992701;-0.001472186
0.000181827;-0.000705773;-0.000789196;-0.001585323;-0.000518826;-0.001078019;-0.000917762;-0.000108146;-4.96E-05;0.000368515
-0.001213622;-0.000108682;-0.000685132;-0.000543678;-0.000111258;-0.000196291;-0.000435407;-0.000132214;0.00153365;-0.001106483
-0.003140778;-0.000163074;5.27E-05;0.000209188;-0.003276305;-0.00044198;-0.004378251;-0.000162318;-0.003570379;0
-0.005388911;-0.000598464;0.000579727;0.000418073;-0.004885677;-0.001476524;-0.004991239;6.61E-05;-0.006589214;-0.001850427
0.005388911;0.000489714;0.000210618;4.18E-05;0.005595156;0.000147878;0.00408577;-0.000180397;0.008592902;0.002219568
-0.000122431;0.00054348;-0.000263289;0.000375886;0.000410222;0.001426902;0.000391786;-6.01E-05;0.002832401;0.000368828
0.001131175;0.000488551;5.27E-05;4.17E-05;0.002082416;0.000294637;0.001026759;-8.42E-05;0.004912683;0.000368515
0.002466119;0.000216957;0.000105322;0.001083965;0.003509992;0.000539649;0.003187006;-9.63E-05;0.007354144;0.001837897
0.00054613;0.00043359;-0.000105322;0.000166524;-0.000441805;0.000685857;-0.000582132;-1.81E-05;-0.002929944;0.000366648
-0.004633494;0.000649574;0.000578954;0.000540762;-0.004517385;0.000293608;-0.00497988;4.81E-05;-0.002723465;-0.000733606
-0.000459944;-5.41E-05;-0.000315697;-0.000124732;-0.000484143;0.000195628;-0.000515891;-6.62E-05;-0.001441146;0
0.001684085;0.000108181;0.000368291;0.000249427;0.002304152;9.78E-05;0.002402267;0.000150432;-0.001120593;0.000366958
0.007663774;0.000594517;-0.001527816;-0.001373626;0.006073118;-9.78E-05;0.005682847;-0.000174506;-0.006091784;0.010150917
-0.003194464;-0.000324181;0.000369276;0.000125055;-0.002492582;0.00019554;-0.001667995;-0.000102329;-0.010161057;0.002144668
0.001811072;-0.000486726;-0.000158223;0.000416589;0.002017163;4.89E-05;0.002439388;-0.00024087;-0.000185737;0.000356417
0.003838562;0.000486726;0.000421799;4.16E-05;0.003280736;0.000341945;0.00309586;-4.82E-05;-0.004294015;0.005663252
-0.00191504;0.000108087;5.27E-05;0.000624076;-0.003646797;0.000390465;-0.003192209;-0.000174734;-0.005337257;-0.003530869
-9.00E-05;0;0.001000012;0.001452699;-0.000403024;4.88E-05;-9.64E-05;0.000240994;-0.000777733;-0.001776258
0.000599482;-0.000108087;0.000157686;-0.000331617;0.000988573;-0.000341599;0.000168635;-0.000168681;0.004594295;-0.001069252
0.004618137;-0.000162181;-0.000946978;-0.00149542;0.004837061;-4.88E-05;0.004027712;2.41E-05;0.007887074;0.001780628
0.000148158;0.000432349;0.000105322;0.00045748;-0.000579059;0.000292849;0.000905873;-3.62E-05;-0.00195416;0.002480677
0.002775998;-0.000108047;-0.000579586;-0.00087379;0.002311619;0.000195123;0.002942933;-0.000247123;0.001802858;0.000353229
-0.000736567;0.000539966;0.000316234;0.000915356;0.000144068;0.000341254;0.000543681;9.65E-05;0.000420152;0.001057965
-0.002869765;0.000377577;0.000631778;0.000456955;-0.002491905;-9.75E-05;-0.001846553;0.000150668;-0.001632467;-0.001411194
0.001599941;-5.39E-05;0.000368113;0.00074671;0.000325843;0.001605527;-0.000308524;0.000102424;0.000791755;0.000353229
0.003798389;0.000323417;-5.26E-05;0.000165761;0.004106323;-0.001703022;0.003263965;-9.64E-05;0.00638213;0.004566017
-0.000293264;-0.000215584;-0.001263556;-0.001951702;-0.000681697;-0.000341407;-0.000683873;-0.000361686;-0.000896514;-0.001049443
-0.002973119;-0.000809395;-0.001425909;-0.00166796;-0.002231956;-0.00019521;-0.002152964;-0.000374059;-0.004443376;-0.001051986
0.000826272;0.000323939;0;0.000167085;-0.000505582;0.0004391;0.000545164;0.000120699;-0.000386346;0.000350945
0.000971807;0.000107926;0.000317273;0.000459151;0.000722079;4.88E-05;0.00104102;-3.02E-05;-0.001498236;0.001400951
-0.002389238;0.000107899;0.000739405;0.001416134;-0.002278627;0.000341177;-0.002417098;-7.24E-05;-0.001452661;-0.001400951
-0.001837722;-0.000269798;0.00015828;0.000332538;-0.001562147;-0.000389939;-0.001189783;-0.000531454;-0.001763222;-0.000350945
-0.000981322;0.000107939;-0.00015828;4.15E-05;-0.000655594;0.000195013;-0.000882543;3.02E-05;-0.002726705;0.001051986
-0.00083438;0.000323658;-0.000105552;-0.000790118;-0.001753104;0.000292356;-0.001506847;-0.000519968;0.001229136;-0.00070104
0.004657915;0.000323417;-0.000422465;-0.000166524;0.003898311;0.000632763;0.003959217;0.000350745;0.008758582;0.001051137
0.000648729;0.000753703;-0.000317119;-0.000541644;0.001303754;0.001068734;0.001753387;-0.000314448;0.003626906;0.003485528
0.002350879;0.000483834;0.000158588;0.000624914;0.002020314;0.001017708;0.003039756;1.21E-05;0.003152997;-0.000347297
0.004634928;5.37E-05;-0.000793522;8.33E-05;0.003191642;0.000628817;0.003461464;3.02E-05;0.00630299;-0.000347575
0.002803495;0;-5.30E-05;-0.001333983;0.003806349;0.000144982;0.003249159;-8.47E-05;0.002505474;0.002081287
-0.00300651;-0.000591352;-0.001219706;-0.001463751;-0.0034849;-0.00058022;-0.003365651;-0.000157325;-0.004699501;-0.000346189
0.000550822;-0.000269063;0.000318514;0.000878842;0.000249851;-0.000677904;0.000326099;-3.63E-05;0.001057767;0.002073009
0.001532823;0.000215264;0.000212213;0.000250772;0.000499271;0.000193795;-4.66E-05;-0.00018767;-0.002870085;0.004116566
0.00244706;5.38E-05;0.000424116;0.001459955;0.001920401;0.00029053;0.001998042;6.05E-05;0.004557172;0.003400914
-0.005925377;5.38E-05;-0.000158995;-0.000500003;-0.004924674;-4.84E-05;-0.005552103;-0.000175611;-0.006097864;-0.004084304
0.001655674;-0.000430527;-0.001061456;-0.001545311;0.002219446;-0.000242122;0.002948188;-0.000260519;0.005157797;0.003406249
0.001620504;-0.000323176;-0.000744566;-0.00113114;0.001710524;-0.000533144;0.001280659;-9.70E-05;0.001344641;0.000678056
0.000980935;-0.000215584;-0.000479324;-0.000209794;0.001384857;-4.85E-05;0.001601323;-1.21E-05;0.000921023;0.001015102
0.001266166;0;0.000159834;0.000796678;0.001663084;0.000145484;0.00168775;5.46E-05;0.003136178;0.001686583
-0.001640967;0.00053876;0;-0.000922604;-0.001273281;0.000484596;-0.00191946;-2.42E-05;-0.001139271;0.002015291
-0.005778096;-5.38E-05;-0.000159834;8.40E-05;-0.006279238;4.84E-05;-0.005528031;-0.000284984;-0.00940395;-0.002352084
0.002157627;0.000269163;0.000692188;0.001048059;0.003257985;9.68E-05;0.003576769;-9.10E-05;0.005303604;0.002016851
0.005835748;0;-0.00085208;-0.000922158;0.00637326;0.000145225;0.006860159;-0.000613175;0.007046681;0.002674647
-0.010338067;-0.000430741;0.000266455;-0.00071392;-0.009703124;-0.000920578;-0.010483879;0.000121489;-0.012514504;-0.005703447
0.00137904;-0.000377249;-0.000746485;0.000210098;0.001148643;-0.000533859;0.000984902;0.000327852;0.005370495;-0.000675945
-0.001261504;0;-0.000213517;0;-0.001544192;-0.000145712;-0.001196243;-0.000200325;-0.001625355;-0.001694479
-0.002800103;-0.000161779;-0.001711929;-0.002908374;-0.003177426;-0.001021355;-0.003253511;-0.000723151;-0.006761372;-0.002042141
-0.008148577;-0.00113414;-0.000804796;-0.000973802;-0.007235364;-0.001463258;-0.007350582;0.000680646;-0.00475625;-0.00896195
-0.008703831;-0.000757742;0.001340499;0.000508343;-0.009574798;-0.001958711;-0.010647454;0.000370261;-0.009056578;-0.013440153
0.006771215;0.000216633;0;0.000380867;0.005725563;0.000637551;0.006463491;-0.000169917;0.007565796;0.005355117
-0.002762832;-0.000487576;-0.001877859;-0.002673112;-0.001526913;-0.000392228;-0.003219721;-0.000394706;-0.003081489;-0.003920617
-0.010574649;-0.001792476;-0.000107552;-0.000894706;-0.010306224;-0.002360837;-0.010205758;4.86E-05;-0.008480884;-0.010142451
0.003605156;-0.000435656;0.000322576;-0.000127966;0.003614227;-0.000938055;0.004314673;0.000133618;0.004644905;0.003649555
-0.001892083;0.000108955;-0.000322576;-0.000683122;-0.002050712;-0.000197744;-0.003138232;-0.000668501;-0.000358167;0.000363274
0.004268741;-0.000326947;-0.000538159;-0.001240903;0.004280291;-0.001287533;0.003733427;-3.65E-05;0.006133152;0.001811828
0.003983257;-5.45E-05;-0.000754545;0.000898939;0.004313163;0.001238083;0.003996376;-0.000273797;0.007389515;0.009655359
0.003463195;0.000980226;0.000592967;0.001025086;0.003345891;0.001924389;0.003838255;7.91E-05;0.003541516;0.001412341
0.003885858;0.000869459;-0.000323336;-0.000896818;0.003173279;0.000688732;0.002548185;-0.000219122;0.004991196;-0.000705596
0.002631009;-0.000380174;-0.000161758;-4.28E-05;0.002053926;0.00019658;0.001690522;-4.26E-05;0.003874916;0.000352941
-0.001582675;-0.000761348;-0.000971818;-0.001027309;-0.002201007;-0.000786855;-0.00232011;-0.000127885;-0.003469662;-0.002476635
0.000926416;-0.00016332;0.00064812;0.00055676;0.00095514;-0.000443233;0.002030773;0.000158328;0.001584959;0
0.005399454;0.000707276;0.001078056;0.001282114;0.005795782;0.000787657;0.006368841;0.000650975;0.008504566;0.005289889
0.002909118;0.000760396;-0.000269263;-0.000555118;0.003570008;0.000540687;0.002795643;-0.000401421;0.003248904;0.002446736
-0.001408048;-0.000488673;-0.000808792;-0.000598614;-7.18E-05;0;-0.000945661;-0.000328711;0.003396305;-0.003851085
-0.00752788;-0.000434838;0.00070104;0.000128344;-0.007572673;-0.000589874;-0.008532489;8.52E-05;-0.008199378;-0.009240657
-0.012402759;-0.000380841;0.000538493;-0.000599263;-0.011931714;-0.001379496;-0.012512464;0.00010349;-0.007758327;-0.007244446
0.004711659;-0.000381175;0.000268996;-0.000214223;0.004633714;-0.0002468;0.003587289;0;0.008425081;0.003999391
0.004299681;0.000435601;-0.000915268;0.000299883;0.004915687;0.000887825;0.00531381;-0.000194825;0.008607015;0.005752329
-0.001509121;-0.000217746;-0.000377436;-0.000728646;-0.001398814;9.85E-05;-0.003200092;-0.000140084;0.000373079;-0.001430955
0.005109759;-0.000163381;0.000161799;0.00055731;0.00480334;-0.000197093;0.005675541;-5.48E-05;0.007746252;0.000716067
0.004074561;-5.45E-05;-0.000593557;-0.001244213;0.004967149;0;0.005052511;-0.00018281;0.006077964;0.003562731
0.004359181;0.000326742;0.00016196;8.59E-05;0.003697368;0.000394097;0.004023809;3.66E-05;0.003059692;0.003181659
-0.000762641;-0.000108887;0.000107939;-4.30E-05;-0.001503866;-4.92E-05;-0.001329208;1.83E-05;-0.001842233;0.000352083
-0.002945779;-0.000217855;0.000377577;0.000558136;-0.002481998;-0.000492733;-0.003316972;-3.05E-05;-0.002061159;-0.003179071
-0.000858027;-0.000272473;0.000431115;0.000214477;-0.00108357;-0.000394589;-0.001487722;-7.92E-05;0.00132508;-0.0024888
0.003480746;-0.000327193;-0.001240611;-0.000901516;0.004031606;-0.000444342;0.004138561;-0.000219501;0.001485898;0.00213413
-0.008634841;-0.000218266;-0.000108047;4.30E-05;-0.007699625;-9.88E-05;-0.008511136;-7.32E-05;-0.010525006;-0.004637275
0.002003359;-0.000436861;5.40E-05;-0.001377211;0.002400428;-0.000791245;0.001696276;-0.000702046;0.004353139;-0.000358773
0.000566439;-0.000218595;-0.000648766;-0.000949372;-0.000762334;4.95E-05;-0.00024192;0.000183252;0.003436287;-0.000718436
-0.007331053;-0.000601705;0.000756799;0.001638524;-0.007291233;-0.000148502;-0.007985959;0.000372374;-0.009851344;-0.005426491
-0.004905957;-5.47E-05;0.000162;-0.001336225;-0.004792725;-0.000693682;-0.0041607;-6.10E-06;-0.006479924;-0.003655699
-0.00716837;0;5.40E-05;0.000215799;-0.006587475;-0.000446524;-0.006417768;-0.000470105;-0.004706523;-0.004057133
0.006861816;0.000383048;-5.40E-05;0.000301938;0.006662186;0.000148892;0.006567053;0.000396875;0.007810924;0.004424091
-0.006674929;0.00010938;0.001347654;0.001463577;-0.006738052;-4.96E-05;-0.006163152;0.000183051;-0.017768277;-0.002944381
-0.001559855;-0.000218788;0.000215237;0.000558302;-0.00117762;-0.00029787;-0.001035749;-0.000183051;-0.006542644;-0.000739225
-0.00093861;0.000273468;0.000322656;-4.29E-05;-0.000152184;-0.000546626;-0.001038225;-0.000299149;0.002753065;-0.004088382
-0.001600307;-0.000328182;0.000107499;-0.000171726;-0.002059718;-4.97E-05;-0.001803794;0.000329663;-0.005838153;0.001118836
0.01303709;0.00049218;-0.001399562;-0.000816626;0.012808641;0.000546689;0.013336959;-0.000244171;0.017586357;0.009213211
-0.002907857;0;-0.000269664;0.00055891;-0.002270388;0.0008931;-0.002128414;-0.000360403;-0.005101785;-0.001095321
-0.006404316;0.000655374;0.001292865;0.000386517;-0.005444946;0.000297292;-0.006398193;8.55E-05;-0.00356994;-0.004409119
-0.000811124;0.000327317;-0.00026903;0.001071856;-3.78E-05;0.000791786;0.000201377;0.000421375;-0.001332093;0.001842576
0.002087135;0.000218074;-5.38E-05;0.000727354;0.001734917;0.000889037;0.001080804;-6.71E-05;0.005561115;0.000734847
0.00463664;0.000326906;-0.000592526;-0.00137015;0.005200746;0.000690217;0.005933963;-0.000262589;0.006647128;0.002927017
-3.07E-05;0.000163361;-0.000647315;-4.29E-05;-0.001005355;0.000885813;-0.000148604;-0.000189407;-0.000997741;-0.0003648
-0.002466888;0.00184714;-0.00010798;-0.000300327;-0.002767407;0.000540442;-0.002484245;-9.17E-05;-0.005264047;-0.000730521
0.006689611;-0.001357426;0.000863087;0.000471849;0.006701059;0.000588807;0.006012205;-0.000458681;0.01066867;0.00327771
0.002429286;0.000217473;-0.000647154;-0.000300209;0.001401546;0.00053904;0.001030763;0.000256921;0.001968601;0.001087096
-6.06E-05;-0.000761634;-0.001513788;-0.002279766;-0.000847764;-0.00245559;-0.00169469;-0.000275278;-0.000733276;-0.002176919
0.001451278;-0.000544843;-0.000650385;-0.000906624;0.002904991;0.000836459;0.002209155;-0.000104039;-0.000671956;0.000726853
